timestamp,pm10,pm25,aqi,hour_sin,hour_cos,day_of_week,is_weekend,aqi_lag_1,aqi_lag_2,aqi_lag_3,aqi_lag_6,aqi_lag_24,aqi_rolling_mean_6,aqi_rolling_std_6
2026-07-16 00:00:00,38.6,16.2,68,0.0,1.0,3,0,68.0,68.0,68.0,68.0,72.0,68.0,0.0
2026-07-16 01:00:00,35.7,16.0,68,0.25881904510252074,0.9659258262890683,3,0,68.0,68.0,68.0,68.0,72.0,68.0,0.0
2026-07-16 02:00:00,36.0,16.9,68,0.49999999999999994,0.8660254037844387,3,0,68.0,68.0,68.0,68.0,72.0,68.0,0.0
2026-07-16 03:00:00,38.6,17.9,68,0.7071067811865476,0.7071067811865476,3,0,68.0,68.0,68.0,68.0,71.0,68.0,0.0
2026-07-16 04:00:00,38.9,18.8,68,0.8660254037844386,0.5000000000000001,3,0,68.0,68.0,68.0,68.0,71.0,68.0,0.0
2026-07-16 05:00:00,42.0,21.0,68,0.9659258262890683,0.25881904510252074,3,0,68.0,68.0,68.0,68.0,70.0,68.0,0.0
2026-07-16 06:00:00,44.1,22.4,68,1.0,6.123233995736766e-17,3,0,68.0,68.0,68.0,68.0,70.0,68.0,0.0
2026-07-16 07:00:00,43.8,23.4,69,0.9659258262890683,-0.25881904510252063,3,0,68.0,68.0,68.0,68.0,69.0,68.16666666666667,0.40824829046386185
2026-07-16 08:00:00,44.5,24.8,69,0.8660254037844387,-0.4999999999999998,3,0,69.0,68.0,68.0,68.0,69.0,68.33333333333333,0.5163977794943192
2026-07-16 09:00:00,47.3,26.1,69,0.7071067811865476,-0.7071067811865475,3,0,69.0,69.0,68.0,68.0,69.0,68.5,0.5477225575051617
2026-07-16 10:00:00,45.3,25.2,70,0.49999999999999994,-0.8660254037844387,3,0,69.0,69.0,69.0,68.0,68.0,68.83333333333333,0.7527726527090799
2026-07-16 11:00:00,42.1,23.3,70,0.258819045102521,-0.9659258262890682,3,0,70.0,69.0,69.0,68.0,69.0,69.16666666666667,0.7527726527090799
2026-07-16 12:00:00,48.4,24.2,70,1.2246467991473532e-16,-1.0,3,0,70.0,70.0,69.0,68.0,69.0,69.5,0.5477225575051616
2026-07-16 13:00:00,42.6,21.4,70,-0.2588190451025208,-0.9659258262890683,3,0,70.0,70.0,70.0,69.0,69.0,69.66666666666667,0.5163977794943192
2026-07-16 14:00:00,42.5,20.5,70,-0.4999999999999997,-0.8660254037844388,3,0,70.0,70.0,70.0,69.0,69.0,69.83333333333333,0.4082482904638654
2026-07-16 15:00:00,43.1,19.9,70,-0.7071067811865471,-0.7071067811865479,3,0,70.0,70.0,70.0,69.0,69.0,70.0,0.0
2026-07-16 16:00:00,42.7,19.7,70,-0.8660254037844385,-0.5000000000000004,3,0,70.0,70.0,70.0,70.0,69.0,70.0,0.0
2026-07-16 17:00:00,42.4,20.1,71,-0.9659258262890683,-0.25881904510252063,3,0,70.0,70.0,70.0,70.0,68.0,70.16666666666667,0.40824829046386185
2026-07-16 18:00:00,40.5,19.8,71,-1.0,-1.8369701987210297e-16,3,0,71.0,70.0,70.0,70.0,68.0,70.33333333333333,0.5163977794943192
2026-07-16 19:00:00,37.6,18.7,71,-0.9659258262890684,0.2588190451025203,3,0,71.0,71.0,70.0,70.0,68.0,70.5,0.5477225575051617
2026-07-16 20:00:00,36.0,17.5,71,-0.8660254037844386,0.5000000000000001,3,0,71.0,71.0,71.0,70.0,68.0,70.66666666666667,0.5163977794943192
2026-07-16 21:00:00,32.6,15.9,71,-0.7071067811865477,0.7071067811865474,3,0,71.0,71.0,71.0,70.0,68.0,70.83333333333333,0.40824829046386546
2026-07-16 22:00:00,33.2,15.3,71,-0.5000000000000004,0.8660254037844384,3,0,71.0,71.0,71.0,70.0,68.0,71.0,0.0
2026-07-16 23:00:00,30.7,14.1,71,-0.25881904510252157,0.9659258262890681,3,0,71.0,71.0,71.0,71.0,68.0,71.0,0.0
2026-07-17 00:00:00,29.3,13.4,71,0.0,1.0,4,0,71.0,71.0,71.0,71.0,68.0,71.0,0.0
2026-07-17 01:00:00,31.3,14.0,70,0.25881904510252074,0.9659258262890683,4,0,71.0,71.0,71.0,71.0,68.0,70.83333333333333,0.40824829046386185
2026-07-17 02:00:00,31.3,15.0,70,0.49999999999999994,0.8660254037844387,4,0,70.0,71.0,71.0,71.0,68.0,70.66666666666667,0.5163977794943192
2026-07-17 03:00:00,31.0,15.9,70,0.7071067811865476,0.7071067811865476,4,0,70.0,70.0,71.0,71.0,68.0,70.5,0.5477225575051617
2026-07-17 04:00:00,32.8,16.6,70,0.8660254037844386,0.5000000000000001,4,0,70.0,70.0,70.0,71.0,68.0,70.33333333333333,0.5163977794943192
2026-07-17 05:00:00,34.6,18.0,70,0.9659258262890683,0.25881904510252074,4,0,70.0,70.0,70.0,71.0,68.0,70.16666666666667,0.40824829046386546
2026-07-17 06:00:00,37.7,20.3,70,1.0,6.123233995736766e-17,4,0,70.0,70.0,70.0,71.0,68.0,70.0,0.0
2026-07-17 07:00:00,39.1,21.0,69,0.9659258262890683,-0.25881904510252063,4,0,70.0,70.0,70.0,70.0,69.0,69.83333333333333,0.40824829046386185
2026-07-17 08:00:00,45.8,22.3,69,0.8660254037844387,-0.4999999999999998,4,0,69.0,70.0,70.0,70.0,69.0,69.66666666666667,0.5163977794943192
2026-07-17 09:00:00,45.3,22.9,69,0.7071067811865476,-0.7071067811865475,4,0,69.0,69.0,70.0,70.0,69.0,69.5,0.5477225575051617
2026-07-17 10:00:00,45.4,23.9,69,0.49999999999999994,-0.8660254037844387,4,0,69.0,69.0,69.0,70.0,70.0,69.33333333333333,0.5163977794943192
2026-07-17 11:00:00,45.1,24.6,69,0.258819045102521,-0.9659258262890682,4,0,69.0,69.0,69.0,70.0,70.0,69.16666666666667,0.40824829046386546
2026-07-17 12:00:00,44.2,21.0,69,1.2246467991473532e-16,-1.0,4,0,69.0,69.0,69.0,70.0,70.0,69.0,0.0
2026-07-17 13:00:00,41.8,19.9,69,-0.2588190451025208,-0.9659258262890683,4,0,69.0,69.0,69.0,69.0,70.0,69.0,0.0
2026-07-17 14:00:00,43.2,20.7,68,-0.4999999999999997,-0.8660254037844388,4,0,69.0,69.0,69.0,69.0,70.0,68.83333333333333,0.40824829046386185
2026-07-17 15:00:00,42.5,20.5,68,-0.7071067811865471,-0.7071067811865479,4,0,68.0,69.0,69.0,69.0,70.0,68.66666666666667,0.5163977794943192
2026-07-17 16:00:00,43.0,21.0,68,-0.8660254037844385,-0.5000000000000004,4,0,68.0,68.0,69.0,69.0,70.0,68.5,0.5477225575051617
2026-07-17 17:00:00,44.7,20.8,69,-0.9659258262890683,-0.25881904510252063,4,0,68.0,68.0,68.0,69.0,71.0,68.5,0.5477225575051617
2026-07-17 18:00:00,41.2,19.8,69,-1.0,-1.8369701987210297e-16,4,0,69.0,68.0,68.0,69.0,71.0,68.5,0.5477225575051617
2026-07-17 19:00:00,39.2,18.5,69,-0.9659258262890684,0.2588190451025203,4,0,69.0,69.0,68.0,69.0,71.0,68.5,0.5477225575051617
2026-07-17 20:00:00,36.4,16.9,69,-0.8660254037844386,0.5000000000000001,4,0,69.0,69.0,69.0,68.0,71.0,68.66666666666667,0.5163977794943192
2026-07-17 21:00:00,30.5,14.8,69,-0.7071067811865477,0.7071067811865474,4,0,69.0,69.0,69.0,68.0,71.0,68.83333333333333,0.40824829046386546
2026-07-17 22:00:00,27.5,13.3,68,-0.5000000000000004,0.8660254037844384,4,0,69.0,69.0,69.0,68.0,71.0,68.83333333333333,0.40824829046386185
2026-07-17 23:00:00,27.2,13.5,68,-0.25881904510252157,0.9659258262890681,4,0,68.0,69.0,69.0,69.0,71.0,68.66666666666667,0.5163977794943192
2026-07-18 00:00:00,24.9,11.7,68,0.0,1.0,5,1,68.0,68.0,69.0,69.0,71.0,68.5,0.5477225575051617
2026-07-18 01:00:00,25.0,12.2,68,0.25881904510252074,0.9659258262890683,5,1,68.0,68.0,68.0,69.0,70.0,68.33333333333333,0.5163977794943192
2026-07-18 02:00:00,24.6,12.6,68,0.49999999999999994,0.8660254037844387,5,1,68.0,68.0,68.0,69.0,70.0,68.16666666666667,0.40824829046386546
2026-07-18 03:00:00,24.7,13.4,68,0.7071067811865476,0.7071067811865476,5,1,68.0,68.0,68.0,69.0,70.0,68.0,0.0
2026-07-18 04:00:00,27.9,15.5,68,0.8660254037844386,0.5000000000000001,5,1,68.0,68.0,68.0,68.0,70.0,68.0,0.0
2026-07-18 05:00:00,30.0,16.4,68,0.9659258262890683,0.25881904510252074,5,1,68.0,68.0,68.0,68.0,70.0,68.0,0.0
2026-07-18 06:00:00,30.6,16.8,67,1.0,6.123233995736766e-17,5,1,68.0,68.0,68.0,68.0,70.0,67.83333333333333,0.40824829046386185
2026-07-18 07:00:00,31.5,17.4,67,0.9659258262890683,-0.25881904510252063,5,1,67.0,68.0,68.0,68.0,69.0,67.66666666666667,0.5163977794943192
2026-07-18 08:00:00,29.6,16.6,67,0.8660254037844387,-0.4999999999999998,5,1,67.0,67.0,68.0,68.0,69.0,67.5,0.5477225575051617
2026-07-18 09:00:00,28.6,16.9,66,0.7071067811865476,-0.7071067811865475,5,1,67.0,67.0,67.0,68.0,69.0,67.16666666666667,0.7527726527090799
2026-07-18 10:00:00,28.6,16.5,66,0.49999999999999994,-0.8660254037844387,5,1,66.0,67.0,67.0,68.0,69.0,66.83333333333333,0.7527726527090799
2026-07-18 11:00:00,29.3,16.2,65,0.258819045102521,-0.9659258262890682,5,1,66.0,66.0,67.0,68.0,69.0,66.33333333333333,0.8164965809277215
2026-07-18 12:00:00,24.0,11.9,65,1.2246467991473532e-16,-1.0,5,1,65.0,66.0,66.0,67.0,69.0,66.0,0.8944271909999073
2026-07-18 13:00:00,27.5,13.4,64,-0.2588190451025208,-0.9659258262890683,5,1,65.0,65.0,66.0,67.0,69.0,65.5,1.048808848170136
2026-07-18 14:00:00,31.2,15.3,63,-0.4999999999999997,-0.8660254037844388,5,1,64.0,65.0,65.0,67.0,68.0,64.83333333333333,1.169045194449992
2026-07-18 15:00:00,32.4,16.4,63,-0.7071067811865471,-0.7071067811865479,5,1,63.0,64.0,65.0,66.0,68.0,64.33333333333333,1.2110601416389748
2026-07-18 16:00:00,33.9,17.0,63,-0.8660254037844385,-0.5000000000000004,5,1,63.0,63.0,64.0,66.0,68.0,63.833333333333336,0.9831920802501449
2026-07-18 17:00:00,32.2,16.5,62,-0.9659258262890683,-0.25881904510252063,5,1,63.0,63.0,63.0,65.0,69.0,63.333333333333336,1.032795558988613
2026-07-18 18:00:00,31.1,15.7,62,-1.0,-1.8369701987210297e-16,5,1,62.0,63.0,63.0,65.0,69.0,62.833333333333336,0.7527726527090336
2026-07-18 19:00:00,31.2,15.6,62,-0.9659258262890684,0.2588190451025203,5,1,62.0,62.0,63.0,64.0,69.0,62.5,0.5477225575050974
2026-07-18 20:00:00,31.4,15.5,62,-0.8660254037844386,0.5000000000000001,5,1,62.0,62.0,62.0,63.0,69.0,62.333333333333336,0.5163977794942467
2026-07-18 21:00:00,31.5,15.0,61,-0.7071067811865477,0.7071067811865474,5,1,62.0,62.0,62.0,63.0,69.0,62.0,0.6324555320336125
2026-07-18 22:00:00,30.7,14.4,61,-0.5000000000000004,0.8660254037844384,5,1,61.0,62.0,62.0,63.0,68.0,61.666666666666664,0.5163977794942434
2026-07-18 23:00:00,30.3,13.8,62,-0.25881904510252157,0.9659258262890681,5,1,61.0,61.0,62.0,62.0,68.0,61.666666666666664,0.5163977794942434
2026-07-19 00:00:00,36.9,15.8,62,0.0,1.0,6,1,62.0,61.0,61.0,62.0,68.0,61.666666666666664,0.5163977794942434
2026-07-19 01:00:00,38.0,16.6,62,0.25881904510252074,0.9659258262890683,6,1,62.0,62.0,61.0,62.0,68.0,61.666666666666664,0.5163977794942434
2026-07-19 02:00:00,39.0,16.9,62,0.49999999999999994,0.8660254037844387,6,1,62.0,62.0,62.0,62.0,68.0,61.666666666666664,0.5163977794942434
2026-07-19 03:00:00,39.5,17.2,63,0.7071067811865476,0.7071067811865476,6,1,62.0,62.0,62.0,61.0,68.0,62.0,0.6324555320336125
2026-07-19 04:00:00,38.9,17.3,63,0.8660254037844386,0.5000000000000001,6,1,63.0,62.0,62.0,61.0,68.0,62.333333333333336,0.5163977794942434
2026-07-19 05:00:00,35.7,16.4,63,0.9659258262890683,0.25881904510252074,6,1,63.0,63.0,62.0,62.0,68.0,62.5,0.5477225575050899
2026-07-19 06:00:00,29.2,14.7,63,1.0,6.123233995736766e-17,6,1,63.0,63.0,63.0,62.0,67.0,62.666666666666664,0.5163977794942389
2026-07-19 07:00:00,24.6,13.3,63,0.9659258262890683,-0.25881904510252063,6,1,63.0,63.0,63.0,62.0,67.0,62.833333333333336,0.4082482904637556
2026-07-19 08:00:00,21.4,12.0,62,0.8660254037844387,-0.4999999999999998,6,1,63.0,63.0,63.0,62.0,67.0,62.833333333333336,0.4082482904638636
2026-07-19 09:00:00,20.4,11.0,62,0.7071067811865476,-0.7071067811865475,6,1,62.0,63.0,63.0,63.0,66.0,62.666666666666664,0.5163977794943242
2026-07-19 10:00:00,20.4,10.8,62,0.49999999999999994,-0.8660254037844387,6,1,62.0,62.0,63.0,63.0,66.0,62.5,0.5477225575051704
2026-07-19 11:00:00,20.0,10.2,61,0.258819045102521,-0.9659258262890682,6,1,62.0,62.0,62.0,63.0,65.0,62.166666666666664,0.7527726527090869
2026-07-19 12:00:00,25.9,11.7,61,1.2246467991473532e-16,-1.0,6,1,61.0,62.0,62.0,63.0,65.0,61.833333333333336,0.7527726527090903
2026-07-19 13:00:00,26.7,12.3,61,-0.2588190451025208,-0.9659258262890683,6,1,61.0,61.0,62.0,63.0,64.0,61.5,0.5477225575051846
2026-07-19 14:00:00,25.1,12.7,61,-0.4999999999999997,-0.8660254037844388,6,1,61.0,61.0,61.0,62.0,63.0,61.333333333333336,0.5163977794943438
2026-07-19 15:00:00,26.2,13.0,60,-0.7071067811865471,-0.7071067811865479,6,1,61.0,61.0,61.0,62.0,63.0,61.0,0.6324555320336945
2026-07-19 16:00:00,27.3,12.7,60,-0.8660254037844385,-0.5000000000000004,6,1,60.0,61.0,61.0,62.0,63.0,60.666666666666664,0.5163977794943438
2026-07-19 17:00:00,25.7,12.1,60,-0.9659258262890683,-0.25881904510252063,6,1,60.0,60.0,61.0,61.0,62.0,60.5,0.5477225575051847
2026-07-19 18:00:00,23.7,11.3,59,-1.0,-1.8369701987210297e-16,6,1,60.0,60.0,60.0,61.0,62.0,60.166666666666664,0.7527726527090903
2026-07-19 19:00:00,22.5,10.5,59,-0.9659258262890684,0.2588190451025203,6,1,59.0,60.0,60.0,61.0,62.0,59.833333333333336,0.7527726527090842
2026-07-19 20:00:00,23.3,10.4,59,-0.8660254037844386,0.5000000000000001,6,1,59.0,59.0,60.0,61.0,62.0,59.5,0.5477225575051622
2026-07-19 21:00:00,22.8,10.3,58,-0.7071067811865477,0.7071067811865474,6,1,59.0,59.0,59.0,60.0,61.0,59.166666666666664,0.7527726527090718
2026-07-19 22:00:00,21.2,9.5,58,-0.5000000000000004,0.8660254037844384,6,1,58.0,59.0,59.0,60.0,61.0,58.833333333333336,0.7527726527090657
2026-07-19 23:00:00,21.3,9.1,58,-0.25881904510252157,0.9659258262890681,6,1,58.0,58.0,59.0,60.0,62.0,58.5,0.5477225575051367
2026-07-20 00:00:00,19.7,8.4,57,0.0,1.0,0,0,58.0,58.0,58.0,59.0,62.0,58.166666666666664,0.7527726527090532
2026-07-20 01:00:00,23.6,10.1,57,0.25881904510252074,0.9659258262890683,0,0,57.0,58.0,58.0,59.0,62.0,57.833333333333336,0.7527726527090473
2026-07-20 02:00:00,25.7,11.7,56,0.49999999999999994,0.8660254037844387,0,0,57.0,57.0,58.0,59.0,62.0,57.333333333333336,0.8164965809276866
2026-07-20 03:00:00,26.7,12.7,56,0.7071067811865476,0.7071067811865476,0,0,56.0,57.0,57.0,58.0,63.0,57.0,0.8944271909998758
2026-07-20 04:00:00,29.2,13.2,55,0.8660254037844386,0.5000000000000001,0,0,56.0,56.0,57.0,58.0,63.0,56.5,1.048808848170113
2026-07-20 05:00:00,33.3,15.3,55,0.9659258262890683,0.25881904510252074,0,0,55.0,56.0,56.0,58.0,63.0,56.0,0.894427190999865
2026-07-20 06:00:00,32.6,16.2,55,1.0,6.123233995736766e-17,0,0,55.0,55.0,56.0,57.0,63.0,55.666666666666664,0.8164965809276663
2026-07-20 07:00:00,28.5,14.4,55,0.9659258262890683,-0.25881904510252063,0,0,55.0,55.0,55.0,57.0,63.0,55.333333333333336,0.5163977794942218
2026-07-20 08:00:00,25.6,13.3,55,0.8660254037844387,-0.4999999999999998,0,0,55.0,55.0,55.0,56.0,62.0,55.166666666666664,0.408248290463734
2026-07-20 09:00:00,24.0,13.0,55,0.7071067811865476,-0.7071067811865475,0,0,55.0,55.0,55.0,56.0,62.0,55.0,0.0
2026-07-20 10:00:00,21.9,11.9,55,0.49999999999999994,-0.8660254037844387,0,0,55.0,55.0,55.0,55.0,62.0,55.0,0.0
2026-07-20 11:00:00,22.9,11.5,56,0.258819045102521,-0.9659258262890682,0,0,55.0,55.0,55.0,55.0,61.0,55.166666666666664,0.4082482904638636
2026-07-20 12:00:00,26.8,12.9,56,1.2246467991473532e-16,-1.0,0,0,56.0,55.0,55.0,55.0,61.0,55.333333333333336,0.5163977794943242
2026-07-20 13:00:00,28.5,13.9,56,-0.2588190451025208,-0.9659258262890683,0,0,56.0,56.0,55.0,55.0,61.0,55.5,0.5477225575051704
2026-07-20 14:00:00,28.9,14.1,56,-0.4999999999999997,-0.8660254037844388,0,0,56.0,56.0,56.0,55.0,61.0,55.666666666666664,0.5163977794943287
2026-07-20 15:00:00,27.1,14.1,56,-0.7071067811865471,-0.7071067811865479,0,0,56.0,56.0,56.0,55.0,60.0,55.833333333333336,0.4082482904638725
2026-07-20 16:00:00,29.1,14.5,56,-0.8660254037844385,-0.5000000000000004,0,0,56.0,56.0,56.0,55.0,60.0,56.0,0.0
2026-07-20 17:00:00,32.6,16.1,56,-0.9659258262890683,-0.25881904510252063,0,0,56.0,56.0,56.0,56.0,60.0,56.0,0.0
2026-07-20 18:00:00,34.0,16.7,56,-1.0,-1.8369701987210297e-16,0,0,56.0,56.0,56.0,56.0,59.0,56.0,0.0
2026-07-20 19:00:00,32.6,15.4,57,-0.9659258262890684,0.2588190451025203,0,0,56.0,56.0,56.0,56.0,59.0,56.166666666666664,0.4082482904638636
2026-07-20 20:00:00,36.3,16.4,57,-0.8660254037844386,0.5000000000000001,0,0,57.0,56.0,56.0,56.0,59.0,56.333333333333336,0.5163977794943242
2026-07-20 21:00:00,35.0,15.8,58,-0.7071067811865477,0.7071067811865474,0,0,57.0,57.0,56.0,56.0,58.0,56.666666666666664,0.8164965809277311
2026-07-20 22:00:00,34.7,15.4,58,-0.5000000000000004,0.8660254037844384,0,0,58.0,57.0,57.0,56.0,58.0,57.0,0.8944271909999242
2026-07-20 23:00:00,36.9,16.1,59,-0.25881904510252157,0.9659258262890681,0,0,58.0,58.0,57.0,56.0,58.0,57.5,1.0488088481701634
2026-07-21 00:00:00,38.0,16.4,59,0.0,1.0,1,0,59.0,58.0,58.0,56.0,57.0,58.0,0.894427190999935
2026-07-21 01:00:00,37.3,16.0,60,0.25881904510252074,0.9659258262890683,1,0,59.0,59.0,58.0,57.0,57.0,58.5,1.0488088481701725
2026-07-21 02:00:00,33.4,15.4,60,0.49999999999999994,0.8660254037844387,1,0,60.0,59.0,59.0,57.0,56.0,59.0,0.8944271909999457
2026-07-21 03:00:00,35.5,16.5,61,0.7071067811865476,0.7071067811865476,1,0,60.0,60.0,59.0,58.0,56.0,59.5,1.0488088481701816
2026-07-21 04:00:00,36.3,17.6,61,0.8660254037844386,0.5000000000000001,1,0,61.0,60.0,60.0,58.0,55.0,60.0,0.8944271909999564
2026-07-21 05:00:00,35.5,17.5,61,0.9659258262890683,0.25881904510252074,1,0,61.0,61.0,60.0,59.0,55.0,60.333333333333336,0.816496580927775
2026-07-21 06:00:00,34.5,17.0,61,1.0,6.123233995736766e-17,1,0,61.0,61.0,61.0,59.0,55.0,60.666666666666664,0.5163977794944081
2026-07-21 07:00:00,31.4,15.7,61,0.9659258262890683,-0.25881904510252063,1,0,61.0,61.0,61.0,60.0,55.0,60.833333333333336,0.40824829046397576
2026-07-21 08:00:00,32.0,15.0,62,0.8660254037844387,-0.4999999999999998,1,0,61.0,61.0,61.0,60.0,55.0,61.166666666666664,0.40824829046398214
2026-07-21 09:00:00,32.2,14.8,62,0.7071067811865476,-0.7071067811865475,1,0,62.0,61.0,61.0,61.0,55.0,61.333333333333336,0.5163977794944205
2026-07-21 10:00:00,33.9,15.0,62,0.49999999999999994,-0.8660254037844387,1,0,62.0,62.0,61.0,61.0,55.0,61.5,0.5477225575052636
2026-07-21 11:00:00,32.8,14.6,62,0.258819045102521,-0.9659258262890682,1,0,62.0,62.0,62.0,61.0,56.0,61.666666666666664,0.5163977794944317
2026-07-21 12:00:00,33.6,14.4,62,1.2246467991473532e-16,-1.0,1,0,62.0,62.0,62.0,61.0,56.0,61.833333333333336,0.40824829046400873
2026-07-21 13:00:00,28.8,13.6,62,-0.2588190451025208,-0.9659258262890683,1,0,62.0,62.0,62.0,61.0,56.0,62.0,3.517431646304267e-07
2026-07-21 14:00:00,32.6,14.6,62,-0.4999999999999997,-0.8660254037844388,1,0,62.0,62.0,62.0,62.0,56.0,62.0,3.517431646304267e-07
2026-07-21 15:00:00,33.8,15.0,62,-0.7071067811865471,-0.7071067811865479,1,0,62.0,62.0,62.0,62.0,56.0,62.0,3.517431646304267e-07
2026-07-21 16:00:00,31.8,14.7,63,-0.8660254037844385,-0.5000000000000004,1,0,62.0,62.0,62.0,62.0,56.0,62.166666666666664,0.4082482904640198
2026-07-21 17:00:00,35.7,15.7,63,-0.9659258262890683,-0.25881904510252063,1,0,63.0,62.0,62.0,62.0,56.0,62.333333333333336,0.5163977794944502
2026-07-21 18:00:00,33.4,14.3,63,-1.0,-1.8369701987210297e-16,1,0,63.0,63.0,62.0,62.0,56.0,62.5,0.5477225575052916
2026-07-21 19:00:00,34.8,13.9,62,-0.9659258262890684,0.2588190451025203,1,0,63.0,63.0,63.0,62.0,57.0,62.5,0.5477225575052916
2026-07-21 20:00:00,33.4,13.4,62,-0.8660254037844386,0.5000000000000001,1,0,62.0,63.0,63.0,62.0,57.0,62.5,0.5477225575052916
2026-07-21 21:00:00,27.3,11.8,62,-0.7071067811865477,0.7071067811865474,1,0,62.0,62.0,63.0,62.0,58.0,62.5,0.5477225575052916
2026-07-21 22:00:00,30.0,12.4,62,-0.5000000000000004,0.8660254037844384,1,0,62.0,62.0,62.0,63.0,58.0,62.333333333333336,0.5163977794944503
2026-07-21 23:00:00,28.3,11.9,61,-0.25881904510252157,0.9659258262890681,1,0,62.0,62.0,62.0,63.0,59.0,62.0,0.6324555320337746
2026-07-22 00:00:00,35.4,13.2,61,0.0,1.0,2,0,61.0,62.0,62.0,63.0,59.0,61.666666666666664,0.5163977794944369
2026-07-22 01:00:00,26.3,10.5,61,0.25881904510252074,0.9659258262890683,2,0,61.0,61.0,62.0,62.0,60.0,61.5,0.54772255750527
2026-07-22 02:00:00,18.6,8.8,60,0.49999999999999994,0.8660254037844387,2,0,61.0,61.0,61.0,62.0,60.0,61.166666666666664,0.7527726527091503
2026-07-22 03:00:00,17.6,9.0,60,0.7071067811865476,0.7071067811865476,2,0,60.0,61.0,61.0,62.0,61.0,60.833333333333336,0.7527726527091442
2026-07-22 04:00:00,20.8,10.4,59,0.8660254037844386,0.5000000000000001,2,0,60.0,60.0,61.0,62.0,61.0,60.333333333333336,0.816496580927776
2026-07-22 05:00:00,22.8,11.2,59,0.9659258262890683,0.25881904510252074,2,0,59.0,60.0,60.0,61.0,61.0,60.0,0.8944271909999574
2026-07-22 06:00:00,21.4,11.0,58,1.0,6.123233995736766e-17,2,0,59.0,59.0,60.0,61.0,61.0,59.5,1.0488088481701825
2026-07-22 07:00:00,21.6,10.9,58,0.9659258262890683,-0.25881904510252063,2,0,58.0,59.0,59.0,61.0,61.0,59.0,0.8944271909999467
2026-07-22 08:00:00,27.6,12.5,57,0.8660254037844387,-0.4999999999999998,2,0,58.0,58.0,59.0,60.0,62.0,58.5,1.0488088481701734
2026-07-22 09:00:00,30.0,12.8,57,0.7071067811865476,-0.7071067811865475,2,0,57.0,58.0,58.0,60.0,62.0,58.0,0.894427190999936
2026-07-22 10:00:00,26.7,11.9,57,0.49999999999999994,-0.8660254037844387,2,0,57.0,57.0,58.0,59.0,62.0,57.666666666666664,0.816496580927744
2026-07-22 11:00:00,25.5,11.7,57,0.258819045102521,-0.9659258262890682,2,0,57.0,57.0,57.0,59.0,62.0,57.333333333333336,0.5163977794943446
2026-07-22 12:00:00,27.8,12.6,57,1.2246467991473532e-16,-1.0,2,0,57.0,57.0,57.0,58.0,62.0,57.166666666666664,0.40824829046388933
2026-07-22 13:00:00,27.0,12.5,56,-0.2588190451025208,-0.9659258262890683,2,0,57.0,57.0,57.0,58.0,62.0,56.833333333333336,0.4082482904638636
2026-07-22 14:00:00,29.3,13.0,56,-0.4999999999999997,-0.8660254037844388,2,0,56.0,57.0,57.0,57.0,62.0,56.666666666666664,0.5163977794943242
2026-07-22 15:00:00,34.0,14.5,56,-0.7071067811865471,-0.7071067811865479,2,0,56.0,56.0,57.0,57.0,62.0,56.5,0.5477225575051704
2026-07-22 16:00:00,32.6,14.4,56,-0.8660254037844385,-0.5000000000000004,2,0,56.0,56.0,56.0,57.0,63.0,56.333333333333336,0.5163977794943287
2026-07-22 17:00:00,36.0,15.5,56,-0.9659258262890683,-0.25881904510252063,2,0,56.0,56.0,56.0,57.0,63.0,56.166666666666664,0.4082482904638725
2026-07-22 18:00:00,41.3,17.8,56,-1.0,-1.8369701987210297e-16,2,0,56.0,56.0,56.0,57.0,63.0,56.0,0.0
2026-07-22 19:00:00,45.4,19.2,56,-0.9659258262890684,0.2588190451025203,2,0,56.0,56.0,56.0,56.0,62.0,56.0,0.0
2026-07-22 20:00:00,51.7,20.8,57,-0.8660254037844386,0.5000000000000001,2,0,56.0,56.0,56.0,56.0,62.0,56.166666666666664,0.4082482904638636
2026-07-22 21:00:00,48.2,19.7,57,-0.7071067811865477,0.7071067811865474,2,0,57.0,56.0,56.0,56.0,62.0,56.333333333333336,0.5163977794943242
2026-07-22 22:00:00,48.1,19.9,58,-0.5000000000000004,0.8660254037844384,2,0,57.0,57.0,56.0,56.0,62.0,56.666666666666664,0.8164965809277311
2026-07-22 23:00:00,36.3,16.3,59,-0.25881904510252157,0.9659258262890681,2,0,58.0,57.0,57.0,56.0,61.0,57.166666666666664,1.1690451944500202
2026-07-23 00:00:00,31.4,14.4,59,0.0,1.0,3,0,59.0,58.0,57.0,56.0,61.0,57.666666666666664,1.2110601416390085
2026-07-23 01:00:00,29.7,13.8,59,0.25881904510252074,0.9659258262890683,3,0,59.0,59.0,58.0,56.0,61.0,58.166666666666664,0.9831920802501962
2026-07-23 02:00:00,27.5,13.5,59,0.49999999999999994,0.8660254037844387,3,0,59.0,59.0,59.0,57.0,60.0,58.5,0.8366600265341042
2026-07-23 03:00:00,28.3,14.4,60,0.7071067811865476,0.7071067811865476,3,0,59.0,59.0,59.0,57.0,60.0,59.0,0.632455532033721
2026-07-23 04:00:00,30.3,14.8,60,0.8660254037844386,0.5000000000000001,3,0,60.0,59.0,59.0,58.0,59.0,59.333333333333336,0.5163977794943847
2026-07-23 05:00:00,30.4,14.6,60,0.9659258262890683,0.25881904510252074,3,0,60.0,60.0,59.0,59.0,59.0,59.5,0.5477225575052298
2026-07-23 06:00:00,30.9,14.5,61,1.0,6.123233995736766e-17,3,0,60.0,60.0,60.0,59.0,58.0,59.833333333333336,0.7527726527091364
2026-07-23 07:00:00,35.4,15.6,61,0.9659258262890683,-0.25881904510252063,3,0,61.0,60.0,60.0,59.0,58.0,60.166666666666664,0.7527726527091458
2026-07-23 08:00:00,37.0,15.8,61,0.8660254037844387,-0.4999999999999998,3,0,61.0,61.0,60.0,59.0,57.0,60.5,0.5477225575052688
2026-07-23 09:00:00,41.0,16.8,62,0.7071067811865476,-0.7071067811865475,3,0,61.0,61.0,61.0,60.0,57.0,60.833333333333336,0.7527726527091668
2026-07-23 10:00:00,42.6,17.5,62,0.49999999999999994,-0.8660254037844387,3,0,62.0,61.0,61.0,60.0,57.0,61.166666666666664,0.7527726527091763
2026-07-23 11:00:00,35.7,16.2,62,0.258819045102521,-0.9659258262890682,3,0,62.0,62.0,61.0,60.0,57.0,61.5,0.5477225575053106
2026-07-23 12:00:00,32.9,15.3,63,1.2246467991473532e-16,-1.0,3,0,62.0,62.0,62.0,61.0,57.0,61.833333333333336,0.7527726527091972
2026-07-23 13:00:00,38.3,16.5,63,-0.2588190451025208,-0.9659258262890683,3,0,63.0,62.0,62.0,61.0,56.0,62.166666666666664,0.7527726527092067
2026-07-23 14:00:00,42.4,17.1,63,-0.4999999999999997,-0.8660254037844388,3,0,63.0,63.0,62.0,61.0,56.0,62.5,0.5477225575053525
2026-07-23 15:00:00,44.4,16.7,64,-0.7071067811865471,-0.7071067811865479,3,0,63.0,63.0,63.0,62.0,56.0,62.833333333333336,0.7527726527092278
2026-07-23 16:00:00,42.8,16.5,64,-0.8660254037844385,-0.5000000000000004,3,0,64.0,63.0,63.0,62.0,56.0,63.166666666666664,0.7527726527092372
2026-07-23 17:00:00,40.2,16.2,64,-0.9659258262890683,-0.25881904510252063,3,0,64.0,64.0,63.0,62.0,56.0,63.5,0.5477225575053943
2026-07-23 18:00:00,44.0,17.1,64,-1.0,-1.8369701987210297e-16,3,0,64.0,64.0,64.0,63.0,56.0,63.666666666666664,0.5163977794945729
2026-07-23 19:00:00,45.4,17.5,64,-0.9659258262890684,0.2588190451025203,3,0,64.0,64.0,64.0,63.0,56.0,63.833333333333336,0.40824829046419236
2026-07-23 20:00:00,44.4,17.8,64,-0.8660254037844386,0.5000000000000001,3,0,64.0,64.0,64.0,63.0,57.0,64.0,5.280774747377007e-07
2026-07-23 21:00:00,51.5,18.7,64,-0.7071067811865477,0.7071067811865474,3,0,64.0,64.0,64.0,64.0,57.0,64.0,5.280774747377007e-07
2026-07-23 22:00:00,50.2,17.9,63,-0.5000000000000004,0.8660254037844384,3,0,64.0,64.0,64.0,64.0,58.0,63.833333333333336,0.40824829046419236
2026-07-23 23:00:00,50.8,17.8,63,-0.25881904510252157,0.9659258262890681,3,0,63.0,64.0,64.0,64.0,59.0,63.666666666666664,0.5163977794945729
2026-07-24 00:00:00,46.9,16.9,63,0.0,1.0,4,0,63.0,63.0,64.0,64.0,59.0,63.5,0.5477225575053943
2026-07-24 01:00:00,39.5,16.3,64,0.25881904510252074,0.9659258262890683,4,0,63.0,63.0,63.0,64.0,59.0,63.5,0.5477225575053943
2026-07-24 02:00:00,39.8,16.9,64,0.49999999999999994,0.8660254037844387,4,0,64.0,63.0,63.0,64.0,59.0,63.5,0.5477225575053943
2026-07-24 03:00:00,39.9,17.2,64,0.7071067811865476,0.7071067811865476,4,0,64.0,64.0,63.0,64.0,60.0,63.5,0.5477225575053943
2026-07-24 04:00:00,34.2,16.6,64,0.8660254037844386,0.5000000000000001,4,0,64.0,64.0,64.0,63.0,60.0,63.666666666666664,0.5163977794945729
2026-07-24 05:00:00,34.2,16.9,64,0.9659258262890683,0.25881904510252074,4,0,64.0,64.0,64.0,63.0,60.0,63.833333333333336,0.40824829046419236
2026-07-24 06:00:00,35.9,16.4,65,1.0,6.123233995736766e-17,4,0,64.0,64.0,64.0,63.0,61.0,64.16666666666667,0.4082482904642162
2026-07-24 07:00:00,32.9,15.9,65,0.9659258262890683,-0.25881904510252063,4,0,65.0,64.0,64.0,64.0,61.0,64.33333333333333,0.5163977794946094
2026-07-24 08:00:00,35.4,15.7,65,0.8660254037844387,-0.4999999999999998,4,0,65.0,65.0,64.0,64.0,61.0,64.5,0.5477225575054433
2026-07-24 09:00:00,29.1,15.3,65,0.7071067811865476,-0.7071067811865475,4,0,65.0,65.0,65.0,64.0,62.0,64.66666666666667,0.5163977794946217
2026-07-24 10:00:00,36.1,16.6,65,0.49999999999999994,-0.8660254037844387,4,0,65.0,65.0,65.0,64.0,62.0,64.83333333333333,0.40824829046424815
2026-07-24 11:00:00,32.4,15.8,65,0.258819045102521,-0.9659258262890682,4,0,65.0,65.0,65.0,64.0,62.0,65.0,5.683186450609822e-07
2026-07-24 12:00:00,27.5,14.6,65,1.2246467991473532e-16,-1.0,4,0,65.0,65.0,65.0,65.0,63.0,65.0,5.683186450609822e-07
2026-07-24 13:00:00,26.3,13.2,65,-0.2588190451025208,-0.9659258262890683,4,0,65.0,65.0,65.0,65.0,63.0,65.0,5.683186450609822e-07
2026-07-24 14:00:00,26.5,13.2,64,-0.4999999999999997,-0.8660254037844388,4,0,65.0,65.0,65.0,65.0,63.0,64.83333333333333,0.40824829046424815
2026-07-24 15:00:00,25.7,13.0,64,-0.7071067811865471,-0.7071067811865479,4,0,64.0,65.0,65.0,65.0,64.0,64.66666666666667,0.5163977794946217
2026-07-24 16:00:00,27.0,13.3,64,-0.8660254037844385,-0.5000000000000004,4,0,64.0,64.0,65.0,65.0,64.0,64.5,0.547722557505447
2026-07-24 17:00:00,30.5,14.6,63,-0.9659258262890683,-0.25881904510252063,4,0,64.0,64.0,64.0,65.0,64.0,64.16666666666667,0.7527726527092875
2026-07-24 18:00:00,37.7,15.1,63,-1.0,-1.8369701987210297e-16,4,0,63.0,64.0,64.0,65.0,64.0,63.833333333333336,0.7527726527092884
2026-07-24 19:00:00,31.8,13.9,63,-0.9659258262890684,0.2588190451025203,4,0,63.0,63.0,64.0,65.0,64.0,63.5,0.5477225575054522
2026-07-24 20:00:00,34.8,14.3,63,-0.8660254037844386,0.5000000000000001,4,0,63.0,63.0,63.0,64.0,64.0,63.333333333333336,0.5163977794946251
2026-07-24 21:00:00,31.7,13.8,63,-0.7071067811865477,0.7071067811865474,4,0,63.0,63.0,63.0,64.0,64.0,63.166666666666664,0.40824829046424416
2026-07-24 22:00:00,30.0,13.4,62,-0.5000000000000004,0.8660254037844384,4,0,63.0,63.0,63.0,64.0,63.0,62.833333333333336,0.40824829046424416
2026-07-24 23:00:00,30.7,13.7,62,-0.25881904510252157,0.9659258262890681,4,0,62.0,63.0,63.0,63.0,63.0,62.666666666666664,0.5163977794946251
2026-07-25 00:00:00,36.4,14.2,62,0.0,1.0,5,1,62.0,62.0,63.0,63.0,63.0,62.5,0.5477225575054541
2026-07-25 01:00:00,35.9,14.0,61,0.25881904510252074,0.9659258262890683,5,1,62.0,62.0,62.0,63.0,64.0,62.166666666666664,0.7527726527092932
2026-07-25 02:00:00,31.5,13.5,61,0.49999999999999994,0.8660254037844387,5,1,61.0,62.0,62.0,63.0,64.0,61.833333333333336,0.7527726527092966
2026-07-25 03:00:00,44.1,16.1,61,0.7071067811865476,0.7071067811865476,5,1,61.0,61.0,62.0,63.0,64.0,61.5,0.5477225575054683
2026-07-25 04:00:00,41.9,16.0,61,0.8660254037844386,0.5000000000000001,5,1,61.0,61.0,61.0,62.0,64.0,61.333333333333336,0.5163977794946446
2026-07-25 05:00:00,49.9,17.9,61,0.9659258262890683,0.25881904510252074,5,1,61.0,61.0,61.0,62.0,64.0,61.166666666666664,0.4082482904642721
2026-07-25 06:00:00,34.5,15.5,61,1.0,6.123233995736766e-17,5,1,61.0,61.0,61.0,62.0,65.0,61.0,5.797681630923799e-07
2026-07-25 07:00:00,45.2,17.5,61,0.9659258262890683,-0.25881904510252063,5,1,61.0,61.0,61.0,61.0,65.0,61.0,5.797681630923799e-07
2026-07-25 08:00:00,36.9,16.4,61,0.8660254037844387,-0.4999999999999998,5,1,61.0,61.0,61.0,61.0,65.0,61.0,5.797681630923799e-07
2026-07-25 09:00:00,38.3,16.4,61,0.7071067811865476,-0.7071067811865475,5,1,61.0,61.0,61.0,61.0,65.0,61.0,5.797681630923799e-07
2026-07-25 10:00:00,35.5,15.7,61,0.49999999999999994,-0.8660254037844387,5,1,61.0,61.0,61.0,61.0,65.0,61.0,5.797681630923799e-07
2026-07-25 11:00:00,33.4,14.5,61,0.258819045102521,-0.9659258262890682,5,1,61.0,61.0,61.0,61.0,65.0,61.0,5.797681630923799e-07
2026-07-25 12:00:00,32.2,14.8,61,1.2246467991473532e-16,-1.0,5,1,61.0,61.0,61.0,61.0,65.0,61.0,5.797681630923799e-07
2026-07-25 13:00:00,29.1,13.6,61,-0.2588190451025208,-0.9659258262890683,5,1,61.0,61.0,61.0,61.0,65.0,61.0,5.797681630923799e-07
2026-07-25 14:00:00,31.9,14.2,61,-0.4999999999999997,-0.8660254037844388,5,1,61.0,61.0,61.0,61.0,64.0,61.0,5.797681630923799e-07
2026-07-25 15:00:00,28.1,13.3,61,-0.7071067811865471,-0.7071067811865479,5,1,61.0,61.0,61.0,61.0,64.0,61.0,5.797681630923799e-07
2026-07-25 16:00:00,27.5,13.0,61,-0.8660254037844385,-0.5000000000000004,5,1,61.0,61.0,61.0,61.0,64.0,61.0,5.797681630923799e-07
2026-07-25 17:00:00,28.7,13.1,61,-0.9659258262890683,-0.25881904510252063,5,1,61.0,61.0,61.0,61.0,63.0,61.0,5.797681630923799e-07
2026-07-25 18:00:00,30.2,13.6,61,-1.0,-1.8369701987210297e-16,5,1,61.0,61.0,61.0,61.0,63.0,61.0,5.797681630923799e-07
2026-07-25 19:00:00,30.3,13.2,61,-0.9659258262890684,0.2588190451025203,5,1,61.0,61.0,61.0,61.0,63.0,61.0,5.797681630923799e-07
2026-07-25 20:00:00,31.8,13.1,61,-0.8660254037844386,0.5000000000000001,5,1,61.0,61.0,61.0,61.0,63.0,61.0,5.797681630923799e-07
2026-07-25 21:00:00,33.4,13.4,61,-0.7071067811865477,0.7071067811865474,5,1,61.0,61.0,61.0,61.0,63.0,61.0,5.797681630923799e-07
2026-07-25 22:00:00,37.3,14.0,61,-0.5000000000000004,0.8660254037844384,5,1,61.0,61.0,61.0,61.0,62.0,61.0,5.797681630923799e-07
2026-07-25 23:00:00,34.5,13.6,61,-0.25881904510252157,0.9659258262890681,5,1,61.0,61.0,61.0,61.0,62.0,61.0,5.797681630923799e-07
2026-07-26 00:00:00,32.4,13.6,61,0.0,1.0,6,1,61.0,61.0,61.0,61.0,62.0,61.0,5.797681630923799e-07
2026-07-26 01:00:00,32.7,13.5,61,0.25881904510252074,0.9659258262890683,6,1,61.0,61.0,61.0,61.0,61.0,61.0,5.797681630923799e-07
2026-07-26 02:00:00,32.0,13.2,60,0.49999999999999994,0.8660254037844387,6,1,61.0,61.0,61.0,61.0,61.0,60.833333333333336,0.40824829046427846
2026-07-26 03:00:00,33.3,14.9,60,0.7071067811865476,0.7071067811865476,6,1,60.0,61.0,61.0,61.0,61.0,60.666666666666664,0.5163977794946547
2026-07-26 04:00:00,31.2,15.0,60,0.8660254037844386,0.5000000000000001,6,1,60.0,60.0,61.0,61.0,61.0,60.5,0.5477225575054845
2026-07-26 05:00:00,33.2,16.2,60,0.9659258262890683,0.25881904510252074,6,1,60.0,60.0,60.0,61.0,61.0,60.333333333333336,0.516397779494666
2026-07-26 06:00:00,29.1,15.4,60,1.0,6.123233995736766e-17,6,1,60.0,60.0,60.0,61.0,61.0,60.166666666666664,0.40824829046430516
2026-07-26 07:00:00,31.1,16.2,60,0.9659258262890683,-0.25881904510252063,6,1,60.0,60.0,60.0,61.0,61.0,60.0,6.047742332742951e-07
2026-07-26 08:00:00,33.4,16.4,60,0.8660254037844387,-0.4999999999999998,6,1,60.0,60.0,60.0,60.0,61.0,60.0,6.047742332742951e-07
2026-07-26 09:00:00,30.2,16.0,60,0.7071067811865476,-0.7071067811865475,6,1,60.0,60.0,60.0,60.0,61.0,60.0,6.047742332742951e-07
2026-07-26 10:00:00,28.8,15.4,60,0.49999999999999994,-0.8660254037844387,6,1,60.0,60.0,60.0,60.0,61.0,60.0,6.047742332742951e-07
2026-07-26 11:00:00,30.6,14.8,60,0.258819045102521,-0.9659258262890682,6,1,60.0,60.0,60.0,60.0,61.0,60.0,6.047742332742951e-07
2026-07-26 12:00:00,27.1,13.5,60,1.2246467991473532e-16,-1.0,6,1,60.0,60.0,60.0,60.0,61.0,60.0,6.047742332742951e-07
2026-07-26 13:00:00,26.6,13.5,60,-0.2588190451025208,-0.9659258262890683,6,1,60.0,60.0,60.0,60.0,61.0,60.0,6.047742332742951e-07
2026-07-26 14:00:00,30.7,13.8,60,-0.4999999999999997,-0.8660254037844388,6,1,60.0,60.0,60.0,60.0,61.0,60.0,6.047742332742951e-07
2026-07-26 15:00:00,31.3,13.9,60,-0.7071067811865471,-0.7071067811865479,6,1,60.0,60.0,60.0,60.0,61.0,60.0,6.047742332742951e-07
2026-07-26 16:00:00,28.6,13.4,60,-0.8660254037844385,-0.5000000000000004,6,1,60.0,60.0,60.0,60.0,61.0,60.0,6.047742332742951e-07
2026-07-26 17:00:00,28.2,12.8,60,-0.9659258262890683,-0.25881904510252063,6,1,60.0,60.0,60.0,60.0,61.0,60.0,6.047742332742951e-07
2026-07-26 18:00:00,28.4,12.7,60,-1.0,-1.8369701987210297e-16,6,1,60.0,60.0,60.0,60.0,61.0,60.0,6.047742332742951e-07
2026-07-26 19:00:00,27.7,12.4,60,-0.9659258262890684,0.2588190451025203,6,1,60.0,60.0,60.0,60.0,61.0,60.0,6.047742332742951e-07
2026-07-26 20:00:00,29.3,12.5,60,-0.8660254037844386,0.5000000000000001,6,1,60.0,60.0,60.0,60.0,61.0,60.0,6.047742332742951e-07
2026-07-26 21:00:00,28.6,12.5,60,-0.7071067811865477,0.7071067811865474,6,1,60.0,60.0,60.0,60.0,61.0,60.0,6.047742332742951e-07
2026-07-26 22:00:00,29.3,12.7,60,-0.5000000000000004,0.8660254037844384,6,1,60.0,60.0,60.0,60.0,61.0,60.0,6.047742332742951e-07
2026-07-26 23:00:00,34.3,13.7,60,-0.25881904510252157,0.9659258262890681,6,1,60.0,60.0,60.0,60.0,61.0,60.0,6.047742332742951e-07
